category,mean,median,std,upper_limit,lower_limit
Entertainment,200.0,200.0,0.0,201.0,199.0
Food,22.5,22.5,3.5355339059327378,31.338834764831844,13.661165235168156
Transport,45.0,45.0,0.0,46.0,44.0
Utilities,142.5,142.5,10.606601717798213,169.01650429449552,115.98349570550447
